{
  "batch_num": 5,
  "total_games": 25,
  "total_wins": 10,
  "win_rate": 0.4,
  "total_experiences": 616,
  "loss_history": [
    -0.011293318122625351,
    -0.026933224871754646,
    0.031008237041532993,
    -0.02821674741183718,
    -0.0674644485116005
  ],
  "value_loss_history": [
    0.2039709584787488,
    0.5539524294435978,
    0.3315133471041918,
    0.17971569361786047,
    0.16400725456575552
  ],
  "entropy_history": [
    1.9350492805242538,
    2.020549327135086,
    2.0656479001045227,
    1.9744296669960022,
    1.9820046126842499
  ]
}