{
  "batch_num": 85,
  "total_games": 425,
  "total_wins": 192,
  "win_rate": 0.45176470588235296,
  "total_experiences": 9559,
  "loss_history": [
    0.1482612437879046,
    -0.0343230334110558,
    -0.004738255403935909,
    0.01129106045118533,
    0.11676730525990327,
    -0.0863783856232961,
    0.0513255437836051,
    0.09274841751903296,
    0.018586808117106557,
    0.012934324021140734,
    0.07315227063372731,
    0.039515312761068344,
    0.000889941118657589,
    0.10442165254304807,
    0.18171063624322414,
    -0.0043834612394372625,
    0.008303702343255281,
    -0.04025731608271599,
    0.10963460057973862,
    -0.04414227232336998
  ],
  "value_loss_history": [
    0.3406020166973273,
    0.21522586420178413,
    0.31325950908164185,
    0.21099852584302425,
    0.15785743296146393,
    0.19197198304345875,
    0.1821074988692999,
    0.7311121486127377,
    0.20240986347198486,
    0.32301800573865574,
    0.24071461707353592,
    0.754218578338623,
    0.6850240677595139,
    0.14267026461144874,
    0.30920414440333843,
    0.37067680433392525,
    0.43455544114112854,
    1.0690340995788574,
    0.3455291911959648,
    0.22990360856056213
  ],
  "entropy_history": [
    1.1282901465892792,
    1.1056240598360698,
    0.8597045441468557,
    1.1108591854572296,
    0.8442065591613451,
    1.4629114840612754,
    1.1281758397817612,
    0.8500856459140778,
    0.9735221192240715,
    1.3769225527842839,
    0.7520391196012497,
    1.3160560727119446,
    0.9391865134239197,
    0.9621650848970754,
    0.6701380759477615,
    0.786473959684372,
    0.7325080335140228,
    0.6613646745681763,
    0.493664413690567,
    0.39580391347408295
  ]
}