{
  "batch_num": 60,
  "total_games": 300,
  "total_wins": 138,
  "win_rate": 0.46,
  "total_experiences": 6556,
  "loss_history": [
    -0.005244714440777898,
    0.05373948300257325,
    0.07678925490472466,
    0.06606774187336366,
    0.10213316464796662,
    0.09772093469897906,
    0.04629359149839729,
    0.04747142425427834,
    0.001420177984982729,
    0.06830012938007712,
    -0.026574931107461452,
    0.16324534290470183,
    -1.5026734520991644e-05,
    -0.03059351485717343,
    -0.03888904571067542,
    0.051367273864646755,
    0.0766683069911475,
    0.15928453765809536,
    0.079400414833799,
    -0.04432597756385803
  ],
  "value_loss_history": [
    0.3473439598456025,
    0.31214978732168674,
    0.20440906193107367,
    0.17260629155983528,
    0.4053051546216011,
    0.20033037972946963,
    0.4916364122182131,
    0.11203017458319664,
    0.33108843117952347,
    0.24047136306762695,
    0.46571745350956917,
    0.1292061796411872,
    0.30561601494749385,
    0.6155357323586941,
    0.3691816180944443,
    0.36291860044002533,
    0.3848655968904495,
    0.36658014357089996,
    0.40974562242627144,
    0.15861349633269128
  ],
  "entropy_history": [
    0.8630331978201866,
    0.9826339408755302,
    1.085766576230526,
    1.4074155588944752,
    1.0474234446883202,
    0.9380748818318049,
    0.8638468235731125,
    1.1807266920804977,
    1.3972276449203491,
    1.2075652927160263,
    1.37058824300766,
    1.4324758797883987,
    1.3987504442532857,
    1.5598541349172592,
    1.3782225251197815,
    1.105971818168958,
    1.3767617642879486,
    0.9577730447053909,
    1.1950411945581436,
    1.2984589487314224
  ]
}