{
  "batch_num": 10,
  "total_games": 50,
  "total_wins": 23,
  "win_rate": 0.46,
  "total_experiences": 844,
  "loss_history": [
    -0.06248844042420387,
    0.0900304012466222,
    -0.08376594632863998,
    -0.050604799296706915,
    -0.04870154242962599,
    -0.021085593849420547,
    -0.05757549055851996,
    -0.07681648898869753,
    -0.03205707669258118,
    -0.06809979677200317
  ],
  "value_loss_history": [
    0.381100890537103,
    0.16896312218159437,
    0.23914457857608795,
    0.2712822100147605,
    0.20991353131830692,
    0.30719131231307983,
    0.1575265796855092,
    0.4429161995649338,
    0.4894697368144989,
    0.37282702326774597
  ],
  "entropy_history": [
    1.9646681547164917,
    1.893899530172348,
    1.8166316151618958,
    1.883891522884369,
    1.814556211233139,
    2.1094584465026855,
    2.0415808111429214,
    1.9001091122627258,
    2.0824368000030518,
    1.771837592124939
  ]
}