{
  "batch_num": 5,
  "total_games": 25,
  "total_wins": 10,
  "win_rate": 0.4,
  "total_experiences": 391,
  "loss_history": [
    -0.04258222272619605,
    -0.07104145316407084,
    0.19581156549975276,
    0.021717164665460587,
    0.025896770258744557
  ],
  "value_loss_history": [
    0.21191133372485638,
    0.2885216139256954,
    0.3066917844116688,
    0.16534387227147818,
    0.4404729853073756
  ],
  "entropy_history": [
    2.071437269449234,
    1.868542194366455,
    1.9343127310276031,
    1.9536810219287872,
    1.8491954406102498
  ]
}