{
  "batch_num": 15,
  "total_games": 75,
  "total_wins": 31,
  "win_rate": 0.41333333333333333,
  "total_experiences": 1607,
  "loss_history": [
    -0.011293318122625351,
    -0.026933224871754646,
    0.031008237041532993,
    -0.02821674741183718,
    -0.0674644485116005,
    -0.06163129978813231,
    -0.023419103818014264,
    0.0012650974094867706,
    -0.036884143366478384,
    -0.03351150173693895,
    -0.019086158135905862,
    -0.00693152192980051,
    -0.03246344905346632,
    -0.03721897630020976,
    -0.02671259851194918
  ],
  "value_loss_history": [
    0.2039709584787488,
    0.5539524294435978,
    0.3315133471041918,
    0.17971569361786047,
    0.16400725456575552,
    0.36266763880848885,
    0.20308657735586166,
    1.2841730564832687,
    0.21562038734555244,
    0.6755296401679516,
    0.29252404998987913,
    0.2733632419258356,
    0.3080943841487169,
    0.7193153239786625,
    0.17997642140835524
  ],
  "entropy_history": [
    1.9350492805242538,
    2.020549327135086,
    2.0656479001045227,
    1.9744296669960022,
    1.9820046126842499,
    1.9726416915655136,
    2.190046191215515,
    1.7893799245357513,
    1.9868233054876328,
    1.961224302649498,
    2.103353828191757,
    1.8922074735164642,
    2.120117723941803,
    1.9526055753231049,
    1.9534947276115417
  ]
}