{
  "batch_num": 5,
  "total_games": 25,
  "total_wins": 12,
  "win_rate": 0.48,
  "total_experiences": 467,
  "loss_history": [
    -0.06248844042420387,
    0.0900304012466222,
    -0.08376594632863998,
    -0.050604799296706915,
    -0.04870154242962599
  ],
  "value_loss_history": [
    0.381100890537103,
    0.16896312218159437,
    0.23914457857608795,
    0.2712822100147605,
    0.20991353131830692
  ],
  "entropy_history": [
    1.9646681547164917,
    1.893899530172348,
    1.8166316151618958,
    1.883891522884369,
    1.814556211233139
  ]
}