{
  "batch_num": 20,
  "total_games": 100,
  "total_wins": 44,
  "win_rate": 0.44,
  "total_experiences": 1739,
  "loss_history": [
    -0.06248844042420387,
    0.0900304012466222,
    -0.08376594632863998,
    -0.050604799296706915,
    -0.04870154242962599,
    -0.021085593849420547,
    -0.05757549055851996,
    -0.07681648898869753,
    -0.03205707669258118,
    -0.06809979677200317,
    -0.03241505287587643,
    -0.12606260113534518,
    -0.02116854372434318,
    0.029936909675598145,
    -0.0076647186651825905,
    0.02033606916666031,
    -0.03845624253153801,
    0.05809911293908954,
    -0.04942619940266013,
    -0.018013179302215576
  ],
  "value_loss_history": [
    0.381100890537103,
    0.16896312218159437,
    0.23914457857608795,
    0.2712822100147605,
    0.20991353131830692,
    0.30719131231307983,
    0.1575265796855092,
    0.4429161995649338,
    0.4894697368144989,
    0.37282702326774597,
    0.4218459874391556,
    0.4327086731791496,
    0.213356239721179,
    0.09180725505575538,
    0.15998398698866367,
    0.49261704087257385,
    0.7898863554000854,
    0.2431565234437585,
    0.24402702413499355,
    0.29500913619995117
  ],
  "entropy_history": [
    1.9646681547164917,
    1.893899530172348,
    1.8166316151618958,
    1.883891522884369,
    1.814556211233139,
    2.1094584465026855,
    2.0415808111429214,
    1.9001091122627258,
    2.0824368000030518,
    1.771837592124939,
    2.1402032375335693,
    1.9469275027513504,
    1.8943232595920563,
    2.1989985704421997,
    2.093443751335144,
    2.073443055152893,
    2.299387037754059,
    1.9721297770738602,
    2.1514387726783752,
    2.1251434087753296
  ]
}