{
  "batch_num": 5,
  "total_games": 25,
  "total_wins": 11,
  "win_rate": 0.44,
  "total_experiences": 494,
  "loss_history": [
    -0.04911745619028807,
    0.0003414889797568321,
    -0.017530779354274273,
    -0.05641709454357624,
    0.04277865565381944
  ],
  "value_loss_history": [
    0.7148992419242859,
    0.25145718175917864,
    1.0876419767737389,
    0.686347596347332,
    0.3547153268009424
  ],
  "entropy_history": [
    2.03537318110466,
    1.7029376327991486,
    1.6807475686073303,
    1.8260430842638016,
    1.793729454278946
  ]
}