{
  "batch_num": 55,
  "total_games": 275,
  "total_wins": 127,
  "win_rate": 0.4618181818181818,
  "total_experiences": 5838,
  "loss_history": [
    0.14947705219189325,
    0.033318031734476485,
    0.11859284403423469,
    0.07403791583298396,
    0.03610561524207393,
    -0.005244714440777898,
    0.05373948300257325,
    0.07678925490472466,
    0.06606774187336366,
    0.10213316464796662,
    0.09772093469897906,
    0.04629359149839729,
    0.04747142425427834,
    0.001420177984982729,
    0.06830012938007712,
    -0.026574931107461452,
    0.16324534290470183,
    -1.5026734520991644e-05,
    -0.03059351485717343,
    -0.03888904571067542
  ],
  "value_loss_history": [
    0.5277951533595721,
    0.2772680123647054,
    0.1845749563847979,
    0.3938102728376786,
    0.2483482634027799,
    0.3473439598456025,
    0.31214978732168674,
    0.20440906193107367,
    0.17260629155983528,
    0.4053051546216011,
    0.20033037972946963,
    0.4916364122182131,
    0.11203017458319664,
    0.33108843117952347,
    0.24047136306762695,
    0.46571745350956917,
    0.1292061796411872,
    0.30561601494749385,
    0.6155357323586941,
    0.3691816180944443
  ],
  "entropy_history": [
    0.721735917031765,
    0.9650889138380686,
    1.0329985916614532,
    1.3126098811626434,
    1.1455490241448085,
    0.8630331978201866,
    0.9826339408755302,
    1.085766576230526,
    1.4074155588944752,
    1.0474234446883202,
    0.9380748818318049,
    0.8638468235731125,
    1.1807266920804977,
    1.3972276449203491,
    1.2075652927160263,
    1.37058824300766,
    1.4324758797883987,
    1.3987504442532857,
    1.5598541349172592,
    1.3782225251197815
  ]
}