{
  "batch_num": 45,
  "total_games": 225,
  "total_wins": 103,
  "win_rate": 0.4577777777777778,
  "total_experiences": 4661,
  "loss_history": [
    -0.0883176492061466,
    -0.019695015624165535,
    -0.018237748183310032,
    -0.07424580870429054,
    -0.07582757249474525,
    0.026236705016344786,
    0.043649690225720406,
    -0.04830923327244818,
    0.0947809328014652,
    -0.024583735037595034,
    0.14947705219189325,
    0.033318031734476485,
    0.11859284403423469,
    0.07403791583298396,
    0.03610561524207393,
    -0.005244714440777898,
    0.05373948300257325,
    0.07678925490472466,
    0.06606774187336366,
    0.10213316464796662
  ],
  "value_loss_history": [
    0.46367364190518856,
    0.15683243092563418,
    0.3030719021335244,
    0.1605030819773674,
    0.11949402606114745,
    0.15969084203243256,
    0.3242759257555008,
    0.358363788574934,
    0.8225648477673531,
    0.8518194109201431,
    0.5277951533595721,
    0.2772680123647054,
    0.1845749563847979,
    0.3938102728376786,
    0.2483482634027799,
    0.3473439598456025,
    0.31214978732168674,
    0.20440906193107367,
    0.17260629155983528,
    0.4053051546216011
  ],
  "entropy_history": [
    1.9838039577007294,
    2.0528558095296225,
    2.0325463265180588,
    2.073389619588852,
    1.860191971063614,
    1.9635608345270157,
    1.899694561958313,
    1.7615162581205368,
    1.214727411667506,
    1.3288846462965012,
    0.721735917031765,
    0.9650889138380686,
    1.0329985916614532,
    1.3126098811626434,
    1.1455490241448085,
    0.8630331978201866,
    0.9826339408755302,
    1.085766576230526,
    1.4074155588944752,
    1.0474234446883202
  ]
}