{
  "batch_num": 40,
  "total_games": 200,
  "total_wins": 87,
  "win_rate": 0.435,
  "total_experiences": 4045,
  "loss_history": [
    0.026065653190016747,
    0.0015973374247550964,
    -0.05569891957566142,
    -0.06844233046285808,
    -0.041126322001218796,
    -0.0883176492061466,
    -0.019695015624165535,
    -0.018237748183310032,
    -0.07424580870429054,
    -0.07582757249474525,
    0.026236705016344786,
    0.043649690225720406,
    -0.04830923327244818,
    0.0947809328014652,
    -0.024583735037595034,
    0.14947705219189325,
    0.033318031734476485,
    0.11859284403423469,
    0.07403791583298396,
    0.03610561524207393
  ],
  "value_loss_history": [
    0.4765726899107297,
    0.2150389300659299,
    0.16021016612648964,
    0.20606422750279307,
    0.4951225817203522,
    0.46367364190518856,
    0.15683243092563418,
    0.3030719021335244,
    0.1605030819773674,
    0.11949402606114745,
    0.15969084203243256,
    0.3242759257555008,
    0.358363788574934,
    0.8225648477673531,
    0.8518194109201431,
    0.5277951533595721,
    0.2772680123647054,
    0.1845749563847979,
    0.3938102728376786,
    0.2483482634027799
  ],
  "entropy_history": [
    1.8167048891385396,
    2.1898472905158997,
    1.884095013141632,
    2.038330540060997,
    1.8364619612693787,
    1.9838039577007294,
    2.0528558095296225,
    2.0325463265180588,
    2.073389619588852,
    1.860191971063614,
    1.9635608345270157,
    1.899694561958313,
    1.7615162581205368,
    1.214727411667506,
    1.3288846462965012,
    0.721735917031765,
    0.9650889138380686,
    1.0329985916614532,
    1.3126098811626434,
    1.1455490241448085
  ]
}