{
  "batch_num": 35,
  "total_games": 175,
  "total_wins": 76,
  "win_rate": 0.4342857142857143,
  "total_experiences": 3283,
  "loss_history": [
    0.02033606916666031,
    -0.03845624253153801,
    0.05809911293908954,
    -0.04942619940266013,
    -0.018013179302215576,
    0.026065653190016747,
    0.0015973374247550964,
    -0.05569891957566142,
    -0.06844233046285808,
    -0.041126322001218796,
    -0.0883176492061466,
    -0.019695015624165535,
    -0.018237748183310032,
    -0.07424580870429054,
    -0.07582757249474525,
    0.026236705016344786,
    0.043649690225720406,
    -0.04830923327244818,
    0.0947809328014652,
    -0.024583735037595034
  ],
  "value_loss_history": [
    0.49261704087257385,
    0.7898863554000854,
    0.2431565234437585,
    0.24402702413499355,
    0.29500913619995117,
    0.4765726899107297,
    0.2150389300659299,
    0.16021016612648964,
    0.20606422750279307,
    0.4951225817203522,
    0.46367364190518856,
    0.15683243092563418,
    0.3030719021335244,
    0.1605030819773674,
    0.11949402606114745,
    0.15969084203243256,
    0.3242759257555008,
    0.358363788574934,
    0.8225648477673531,
    0.8518194109201431
  ],
  "entropy_history": [
    2.073443055152893,
    2.299387037754059,
    1.9721297770738602,
    2.1514387726783752,
    2.1251434087753296,
    1.8167048891385396,
    2.1898472905158997,
    1.884095013141632,
    2.038330540060997,
    1.8364619612693787,
    1.9838039577007294,
    2.0528558095296225,
    2.0325463265180588,
    2.073389619588852,
    1.860191971063614,
    1.9635608345270157,
    1.899694561958313,
    1.7615162581205368,
    1.214727411667506,
    1.3288846462965012
  ]
}