{
  "batch_num": 10,
  "total_games": 50,
  "total_wins": 20,
  "win_rate": 0.4,
  "total_experiences": 1040,
  "loss_history": [
    -0.04911745619028807,
    0.0003414889797568321,
    -0.017530779354274273,
    -0.05641709454357624,
    0.04277865565381944,
    -0.04364622663706541,
    -0.04580953810364008,
    0.01410850246126453,
    -0.03809554409235716,
    -0.01314312289468944
  ],
  "value_loss_history": [
    0.7148992419242859,
    0.25145718175917864,
    1.0876419767737389,
    0.686347596347332,
    0.3547153268009424,
    0.2870609713718295,
    0.173535012640059,
    0.19483605430771908,
    0.22658867854624987,
    0.18904945999383926
  ],
  "entropy_history": [
    2.03537318110466,
    1.7029376327991486,
    1.6807475686073303,
    1.8260430842638016,
    1.793729454278946,
    1.8114865571260452,
    1.7420400381088257,
    1.7388773759206135,
    1.7399653643369675,
    1.986022710800171
  ]
}