{
  "batch_num": 75,
  "total_games": 375,
  "total_wins": 171,
  "win_rate": 0.456,
  "total_experiences": 8490,
  "loss_history": [
    0.051367273864646755,
    0.0766683069911475,
    0.15928453765809536,
    0.079400414833799,
    -0.04432597756385803,
    0.003932621950904529,
    -0.003787091001868248,
    0.0244191979096892,
    0.09437945128108065,
    0.049715180260439716,
    0.1482612437879046,
    -0.0343230334110558,
    -0.004738255403935909,
    0.01129106045118533,
    0.11676730525990327,
    -0.0863783856232961,
    0.0513255437836051,
    0.09274841751903296,
    0.018586808117106557,
    0.012934324021140734
  ],
  "value_loss_history": [
    0.36291860044002533,
    0.3848655968904495,
    0.36658014357089996,
    0.40974562242627144,
    0.15861349633269128,
    0.1345281464358171,
    0.5087529513984919,
    0.33276881153384846,
    0.3099269891778628,
    0.3263495961825053,
    0.3406020166973273,
    0.21522586420178413,
    0.31325950908164185,
    0.21099852584302425,
    0.15785743296146393,
    0.19197198304345875,
    0.1821074988692999,
    0.7311121486127377,
    0.20240986347198486,
    0.32301800573865574
  ],
  "entropy_history": [
    1.105971818168958,
    1.3767617642879486,
    0.9577730447053909,
    1.1950411945581436,
    1.2984589487314224,
    1.145750919977824,
    1.2833318412303925,
    0.9696260839700699,
    1.2208465039730072,
    0.9649693245689074,
    1.1282901465892792,
    1.1056240598360698,
    0.8597045441468557,
    1.1108591854572296,
    0.8442065591613451,
    1.4629114840612754,
    1.1281758397817612,
    0.8500856459140778,
    0.9735221192240715,
    1.3769225527842839
  ]
}