{
  "batch_num": 30,
  "total_games": 150,
  "total_wins": 64,
  "win_rate": 0.4266666666666667,
  "total_experiences": 2758,
  "loss_history": [
    -0.03241505287587643,
    -0.12606260113534518,
    -0.02116854372434318,
    0.029936909675598145,
    -0.0076647186651825905,
    0.02033606916666031,
    -0.03845624253153801,
    0.05809911293908954,
    -0.04942619940266013,
    -0.018013179302215576,
    0.026065653190016747,
    0.0015973374247550964,
    -0.05569891957566142,
    -0.06844233046285808,
    -0.041126322001218796,
    -0.0883176492061466,
    -0.019695015624165535,
    -0.018237748183310032,
    -0.07424580870429054,
    -0.07582757249474525
  ],
  "value_loss_history": [
    0.4218459874391556,
    0.4327086731791496,
    0.213356239721179,
    0.09180725505575538,
    0.15998398698866367,
    0.49261704087257385,
    0.7898863554000854,
    0.2431565234437585,
    0.24402702413499355,
    0.29500913619995117,
    0.4765726899107297,
    0.2150389300659299,
    0.16021016612648964,
    0.20606422750279307,
    0.4951225817203522,
    0.46367364190518856,
    0.15683243092563418,
    0.3030719021335244,
    0.1605030819773674,
    0.11949402606114745
  ],
  "entropy_history": [
    2.1402032375335693,
    1.9469275027513504,
    1.8943232595920563,
    2.1989985704421997,
    2.093443751335144,
    2.073443055152893,
    2.299387037754059,
    1.9721297770738602,
    2.1514387726783752,
    2.1251434087753296,
    1.8167048891385396,
    2.1898472905158997,
    1.884095013141632,
    2.038330540060997,
    1.8364619612693787,
    1.9838039577007294,
    2.0528558095296225,
    2.0325463265180588,
    2.073389619588852,
    1.860191971063614
  ]
}