{
  "batch_num": 100,
  "total_games": 500,
  "total_wins": 229,
  "win_rate": 0.458,
  "total_experiences": 11356,
  "loss_history": [
    -0.0043834612394372625,
    0.008303702343255281,
    -0.04025731608271599,
    0.10963460057973862,
    -0.04414227232336998,
    0.05134341213852167,
    0.22331527271308005,
    0.04525157964477936,
    0.13442298583686352,
    0.0999920479953289,
    0.20791790820658207,
    0.24200917407870293,
    0.10595765942707658,
    0.116901152767241,
    0.5969077882667383,
    0.14499941980466247,
    0.3433697335422039,
    0.18878423888236284,
    0.11993188923224807,
    0.19099010930707058
  ],
  "value_loss_history": [
    0.37067680433392525,
    0.43455544114112854,
    1.0690340995788574,
    0.3455291911959648,
    0.22990360856056213,
    0.20998444966971874,
    0.41072605550289154,
    0.3240479826927185,
    0.15478300070390105,
    0.24329839646816254,
    0.9517279416322708,
    0.45161253213882446,
    0.28401871398091316,
    0.2742014117538929,
    0.27166155166924,
    0.44775098375976086,
    0.33108336354295415,
    0.37453462556004524,
    0.4203639328479767,
    0.19837553364535174
  ],
  "entropy_history": [
    0.786473959684372,
    0.7325080335140228,
    0.6613646745681763,
    0.493664413690567,
    0.39580391347408295,
    0.1839092115405947,
    0.29616932198405266,
    0.17274287839730582,
    0.1156046874821186,
    0.41359323263168335,
    0.31440344266593456,
    0.35224687680602074,
    0.09221427887678146,
    0.10932571791151229,
    0.2049979604780674,
    0.2870050445199013,
    0.361554345736901,
    0.30546894669532776,
    0.14938671048730612,
    0.23015513146917024
  ]
}