{
  "batch_num": 90,
  "total_games": 450,
  "total_wins": 201,
  "win_rate": 0.44666666666666666,
  "total_experiences": 10065,
  "loss_history": [
    -0.0863783856232961,
    0.0513255437836051,
    0.09274841751903296,
    0.018586808117106557,
    0.012934324021140734,
    0.07315227063372731,
    0.039515312761068344,
    0.000889941118657589,
    0.10442165254304807,
    0.18171063624322414,
    -0.0043834612394372625,
    0.008303702343255281,
    -0.04025731608271599,
    0.10963460057973862,
    -0.04414227232336998,
    0.05134341213852167,
    0.22331527271308005,
    0.04525157964477936,
    0.13442298583686352,
    0.0999920479953289
  ],
  "value_loss_history": [
    0.19197198304345875,
    0.1821074988692999,
    0.7311121486127377,
    0.20240986347198486,
    0.32301800573865574,
    0.24071461707353592,
    0.754218578338623,
    0.6850240677595139,
    0.14267026461144874,
    0.30920414440333843,
    0.37067680433392525,
    0.43455544114112854,
    1.0690340995788574,
    0.3455291911959648,
    0.22990360856056213,
    0.20998444966971874,
    0.41072605550289154,
    0.3240479826927185,
    0.15478300070390105,
    0.24329839646816254
  ],
  "entropy_history": [
    1.4629114840612754,
    1.1281758397817612,
    0.8500856459140778,
    0.9735221192240715,
    1.3769225527842839,
    0.7520391196012497,
    1.3160560727119446,
    0.9391865134239197,
    0.9621650848970754,
    0.6701380759477615,
    0.786473959684372,
    0.7325080335140228,
    0.6613646745681763,
    0.493664413690567,
    0.39580391347408295,
    0.1839092115405947,
    0.29616932198405266,
    0.17274287839730582,
    0.1156046874821186,
    0.41359323263168335
  ]
}