{
  "batch_num": 65,
  "total_games": 325,
  "total_wins": 151,
  "win_rate": 0.4646153846153846,
  "total_experiences": 7241,
  "loss_history": [
    0.09772093469897906,
    0.04629359149839729,
    0.04747142425427834,
    0.001420177984982729,
    0.06830012938007712,
    -0.026574931107461452,
    0.16324534290470183,
    -1.5026734520991644e-05,
    -0.03059351485717343,
    -0.03888904571067542,
    0.051367273864646755,
    0.0766683069911475,
    0.15928453765809536,
    0.079400414833799,
    -0.04432597756385803,
    0.003932621950904529,
    -0.003787091001868248,
    0.0244191979096892,
    0.09437945128108065,
    0.049715180260439716
  ],
  "value_loss_history": [
    0.20033037972946963,
    0.4916364122182131,
    0.11203017458319664,
    0.33108843117952347,
    0.24047136306762695,
    0.46571745350956917,
    0.1292061796411872,
    0.30561601494749385,
    0.6155357323586941,
    0.3691816180944443,
    0.36291860044002533,
    0.3848655968904495,
    0.36658014357089996,
    0.40974562242627144,
    0.15861349633269128,
    0.1345281464358171,
    0.5087529513984919,
    0.33276881153384846,
    0.3099269891778628,
    0.3263495961825053
  ],
  "entropy_history": [
    0.9380748818318049,
    0.8638468235731125,
    1.1807266920804977,
    1.3972276449203491,
    1.2075652927160263,
    1.37058824300766,
    1.4324758797883987,
    1.3987504442532857,
    1.5598541349172592,
    1.3782225251197815,
    1.105971818168958,
    1.3767617642879486,
    0.9577730447053909,
    1.1950411945581436,
    1.2984589487314224,
    1.145750919977824,
    1.2833318412303925,
    0.9696260839700699,
    1.2208465039730072,
    0.9649693245689074
  ]
}